[
  {
    "name": "theme_info",
    "theme_name": "快樂印刷",
    "theme_version": "1.0.0",
    "theme_author": "Happy Printing",
    "theme_documentation_url": "https://github.com/happy-printing",
    "theme_support_url": "https://github.com/happy-printing/support"
  },
  {
    "name": "通用設定",
    "settings": [
      {
        "type": "image_picker",
        "id": "favicon",
        "label": "網站圖標"
      },
      {
        "type": "image_picker",
        "id": "logo",
        "label": "Logo 圖片"
      }
    ]
  }
]